名前,名前2,1日目,1日目 (うち屋外),2日目,2日目 (うち屋外)
おさかな,,9:00～11:00,9:00～11:00,10:00～14:00,10:00～14:00
りんどう,りんどう,12:30～18:00,なし,なし,なし
mame.,,9:00～14:00,12:00～14:00,9:00～12:00,なし
ななほし,,10:30～12:00,10:30～12:00,なし,なし
おとぎ,おとぎ,14:30～18:00,なし,14:30～18:00,14:30～18:00
クラゲ太郎,,9:00～12:00,11:00～12:00,12:00～15:00,13:00～15:00
はるまき,はるまき,10:00～15:30,10:30～15:30,9:00～13:00,9:00～13:00
TKTK,,12:00～15:30,15:00～15:30,11:30～14:00,11:30～14:00
あんころもち,,11:00～13:00,なし,10:00～14:30,14:00～14:30
ふくろう,ふくろう,14:00～18:00,なし,16:00～17:30,16:00～17:30
みぞれ,,9:00～10:30,9:00～10:30,15:00～18:00,17:30～18:00
sio_,しお,9:00～16:30,12:00～16:30,なし,なし
こだま,,15:30～18:00,15:30～18:00,13:30～18:00,なし
ゆらぎ,,9:00～11:00,なし,9:00～12:00,9:00～12:00
PONPON,ぽん,16:00～18:00,なし,15:00～18:00,17:00～18:00
ふじさん,,9:00～11:30,なし,9:00～11:00,9:00～11:00
しろくま,しろくま,13:00～14:30,なし,13:00～16:00,15:30～16:00
AkiR,,9:00～14:30,12:30～14:30,9:00～14:30,なし
ほたる,,13:00～18:00,なし,12:30～15:30,15:00～15:30
なべちゃん,なべちゃん,なし,なし,9:00～13:00,なし
ゆきうさぎ,,15:00～18:00,なし,15:30～18:00,なし
MoonLight,るな,16:30～18:00,なし,13:00～17:00,16:00～17:00
しき,,11:00～12:30,なし,9:00～13:30,なし
にぼし,にぼし,11:30～13:00,なし,16:00～18:00,なし
もふもふ,もふもふ,9:00～13:00,なし,14:00～15:30,14:00～15:30
たまごやき,,9:00～17:00,16:30～17:00,15:30～18:00,なし
おむらいす,おむらいす,11:30～14:00,なし,10:00～13:30,なし
kiri_,,9:00～10:30,なし,13:30～16:30,なし
しゅがー,,9:00～11:30,なし,9:00～12:30,なし
あさつき,あさつき,16:00～18:00,16:00～18:00,14:00～18:00,なし
ねむねむ,,10:30～13:00,なし,9:00～12:00,なし
夕焼け,,15:00～18:00,なし,なし,なし
たぬきち,たぬきち,14:00～18:00,なし,9:00～11:30,なし
みるふぃーゆ,,なし,なし,13:00～18:00,なし
RabbitBox,らび,12:00～18:00,なし,11:00～18:00,なし
きりたんぽ,,13:00～16:00,15:30～16:00,16:30～18:00,なし
珈琲豆,まめ,9:00～10:30,9:00～10:30,9:00～13:30,なし
ソーダ水,,なし,なし,14:30～18:00,なし
わたあめ,わたあめ,10:00～15:00,14:30～15:00,9:00～16:00,15:30～16:00
流れ星,,12:30～18:00,17:00～18:00,なし,なし
